Age,Model,Accuracy,Precision,Recall,F1,ROC_AUC,PR_AUC
12,LSTM,0.9954,0.2864,0.3953,0.3293,0.9096,0.2162
12,SCER-Mamba,0.9957,0.2916,0.359,0.3215,0.91,0.2028
12,XGBoost,0.9948,0.2601,0.4551,0.331,0.911,0.2039
24,LSTM,0.9951,0.3727,0.3748,0.3733,0.9335,0.3174
24,SCER-Mamba,0.995,0.3761,0.382,0.3757,0.9266,0.2867
24,XGBoost,0.9945,0.3364,0.4,0.3654,0.9347,0.3031
36,LSTM,0.9951,0.3946,0.3706,0.3822,0.936,0.3317
36,SCER-Mamba,0.9936,0.3127,0.4647,0.3707,0.9364,0.3198
36,XGBoost,0.9945,0.3459,0.3765,0.3606,0.9377,0.2974
48,LSTM,0.9921,0.3101,0.5398,0.3918,0.9432,0.3094
48,SCER-Mamba,0.9924,0.3169,0.5114,0.3884,0.9461,0.308
48,XGBoost,0.9923,0.3058,0.5057,0.3812,0.9423,0.2814
