Model,Accuracy,Precision,Recall,F1,ROC_AUC,PR_AUC
LSTM Baseline,0.988,0.3158,0.3684,0.3401,0.8564,0.1887
SCER Pre-Mamba,0.9861,0.2533,0.3377,0.2895,0.8555,0.177
SCER-Mamba V2,0.9882,0.2957,0.2982,0.2969,0.853,0.1694
Sampler + Focal Loss,0.9879,0.2964,0.3289,0.3119,0.8477,0.1647
Sampler Only,0.9887,0.3015,0.2632,0.281,0.8488,0.1598
Focal Loss Only,0.9883,0.3125,0.3289,0.3205,0.8576,0.1789
Experiment C - No Gate,0.9868,0.2838,0.3772,0.3239,0.8579,0.1726
Experiment D - No Static Conditioning,0.9879,0.3042,0.3509,0.3259,0.8609,0.1823
Experiment E - No Conditioning + No Gate,0.9884,0.31,0.3114,0.3107,0.8553,0.1776
Final Experiment D - 3 Seed Mean,0.987795,0.294289,0.327485,0.309663,0.855797,0.182235
